reference1,Gel_a,Dno_a,Dth_a,Pzi_a,Pgu_a,chr
Dch1g00001,,,,,,1
Dch1g00002,,,,,,1
Dch1g00003,,Dno1g0002,Dth1g0002,,,1
Dch1g00004,,Dno1g0003,Dth1g0003,,,1
Dch1g00005,,,,,,1
Dch1g00006,,,,,,1
Dch1g00007,,Dno1g0004,Dth1g0006,,,1
Dch1g00008,,,,,,1
Dch1g00009,,Dno1g0007,Dth1g0010,,,1
Dch1g00010,,Dno1g0008,,,,1
Dch1g00011,,Dno1g0010,Dth1g0012,,,1
Dch1g00012,,,,,,1
Dch1g00013,,,,,,1
Dch1g00014,,,,,,1
Dch1g00015,,,,,,1
Dch1g00016,,Dno1g0011,Dth1g0013,,,1
Dch1g00017,,Dno1g0013,Dth1g0014,,,1
Dch1g00018,,Dno1g0015,Dth1g0016,,,1
Dch1g00019,,Dno1g0016,Dth1g0017,,,1
Dch1g00020,,Dno1g0017,,,,1
Dch1g00021,,Dno1g0018,Dth1g0018,,,1
Dch1g00022,,Dno1g0019,Dth1g0019,,,1
Dch1g00023,,Dno1g0024,,,,1
Dch1g00024,,Dno1g0025,,,,1
Dch1g00025,,Dno1g0026,Dth1g0022,Pzi8g0216,,1
Dch1g00026,,Dno1g0027,Dth1g0025,,,1
Dch1g00027,,Dno1g0028,Dth1g0026,,,1
Dch1g00028,,Dno1g0029,Dth1g0027,,,1
Dch1g00029,,,,,,1
Dch1g00030,,Dno1g0031,Dth1g0030,,,1
Dch1g00031,,Dno1g0032,Dth1g0031,,,1
Dch1g00032,,Dno1g0033,Dth1g0032,,,1
Dch1g00033,,Dno1g0034,,,,1
Dch1g00034,,Dno1g0035,Dth1g0033,Pzi8g0241,,1
Dch1g00035,,Dno1g0036,Dth1g0034,,,1
Dch1g00036,,Dno1g0039,Dth1g0036,Pzi8g0234,,1
Dch1g00037,,Dno1g0040,Dth1g0038,,,1
Dch1g00038,,,,,,1
Dch1g00039,,Dno1g0042,Dth1g0039,Pzi8g0235,,1
Dch1g00040,,Dno1g0043,Dth1g0041,,,1
Dch1g00041,,Dno1g0044,Dth1g0042,,,1
Dch1g00042,,Dno1g0045,Dth1g0043,,,1
Dch1g00043,,,,,,1
Dch1g00044,,Dno1g0047,Dth1g0048,,,1
Dch1g00045,,,,,,1
Dch1g00046,,Dno1g0048,Dth1g0049,,,1
Dch1g00047,,,,,,1
Dch1g00048,,Dno1g0049,Dth1g0050,Pzi8g0238,,1
Dch1g00049,,Dno1g0050,Dth1g0051,Pzi8g0236,,1
Dch1g00050,,Dno1g0051,Dth1g0052,,,1
Dch1g00051,,Dno1g0052,Dth1g0053,,,1
Dch1g00052,,,,,,1
Dch1g00053,,,,,,1
Dch1g00054,,,,,,1
Dch1g00055,,,,,,1
Dch1g00056,,,,,,1
Dch1g00057,,Dno1g0054,Dth1g0055,,,1
Dch1g00058,,Dno1g0055,Dth1g0056,Pzi8g0237,,1
Dch1g00059,,Dno1g0056,Dth1g0057,,,1
Dch1g00060,,Dno1g0057,Dth1g0058,,,1
Dch1g00061,Gel6g00655,Dno1g0068,Dth1g0068,,,1
Dch1g00062,Gel6g00654,Dno1g0069,Dth1g0069,,,1
Dch1g00063,Gel6g00652,Dno1g0070,Dth1g0071,,,1
Dch1g00064,,Dno1g0073,Dth1g0077,,,1
Dch1g00065,,Dno1g0079,Dth1g0078,,,1
Dch1g00066,,Dno1g0080,Dth1g0079,,,1
Dch1g00067,,,Dth1g0080,,,1
Dch1g00068,Gel6g00644,Dno1g0083,Dth1g0081,,,1
Dch1g00069,,Dno1g0084,Dth1g0082,,,1
Dch1g00070,Gel6g00642,Dno1g0085,Dth1g0083,,,1
Dch1g00071,,,,,,1
Dch1g00072,,,,,,1
Dch1g00073,,Dno1g0086,Dth1g0084,Pzi8g0212,,1
Dch1g00074,Gel6g00641,Dno1g0087,Dth1g0085,Pzi8g0211,,1
Dch1g00075,Gel6g00640,Dno1g0088,Dth1g0086,Pzi8g0209,,1
Dch1g00076,,Dno1g0089,Dth1g0087,Pzi8g0208,,1
Dch1g00077,Gel6g00639,Dno1g0090,Dth1g0088,,,1
Dch1g00078,,Dno1g0091,Dth1g0089,,,1
Dch1g00079,Gel6g00637,Dno1g0092,Dth1g0090,,,1
Dch1g00080,Gel6g00636,Dno1g0093,Dth1g0091,Pzi8g0207,,1
Dch1g00081,Gel6g00634,Dno1g0095,Dth1g0093,Pzi8g0205,,1
Dch1g00082,Gel6g00633,Dno1g0097,Dth1g0094,Pzi8g0204,,1
Dch1g00083,,Dno1g0098,Dth1g0095,Pzi8g0203,,1
Dch1g00084,Gel6g00632,Dno1g0099,Dth1g0096,,,1
Dch1g00085,Gel6g00631,Dno1g0100,Dth1g0098,Pzi8g0183,,1
Dch1g00086,,Dno1g0101,Dth1g0099,,,1
Dch1g00087,Gel6g00630,Dno1g0102,Dth1g0100,,,1
Dch1g00088,Gel6g00629,Dno1g0103,Dth1g0102,,,1
Dch1g00089,Gel6g00628,Dno1g0104,Dth1g0103,,,1
Dch1g00090,Gel6g00626,Dno1g0105,Dth1g0106,,,1
Dch1g00091,,,,,,1
Dch1g00092,Gel6g00625,Dno1g0106,Dth1g0109,,,1
Dch1g00093,,Dno1g0107,,,,1
Dch1g00094,Gel6g00624,,,,,1
Dch1g00095,,Dno1g0108,Dth1g0110,,,1
Dch1g00096,,Dno1g0109,Dth1g0114,,,1
Dch1g00097,,,,,,1
Dch1g00098,Gel6g00623,,Dth1g0116,,,1
Dch1g00099,Gel6g00622,Dno1g0110,Dth1g0117,,,1
Dch1g00100,Gel6g00621,Dno1g0111,Dth1g0119,,,1
Dch1g00101,,Dno1g0112,Dth1g0120,,,1
Dch1g00102,Gel6g00619,Dno1g0113,Dth1g0121,,,1
Dch1g00103,Gel6g00616,Dno1g0114,Dth1g0122,,,1
Dch1g00104,,,,,,1
Dch1g00105,Gel6g00614,Dno1g0116,Dth1g0124,,,1
Dch1g00106,,,,,,1
Dch1g00107,,,,,,1
Dch1g00108,,,,,,1
Dch1g00109,,,,,,1
Dch1g00110,,,,,,1
Dch1g00111,,,,,,1
Dch1g00112,Gel6g00609,Dno1g0117,Dth1g0130,,,1
Dch1g00113,Gel6g00608,Dno1g0118,Dth1g0131,,,1
Dch1g00114,Gel6g00607,Dno1g0119,Dth1g0133,,,1
Dch1g00115,Gel6g00604,Dno1g0120,Dth1g0134,,,1
Dch1g00116,,Dno1g0121,Dth1g0135,,,1
Dch1g00117,Gel6g00603,Dno1g0122,Dth1g0138,,,1
Dch1g00118,,,,,,1
Dch1g00119,Gel6g00602,Dno1g0123,Dth1g0139,,,1
Dch1g00120,Gel6g00600,Dno1g0125,Dth1g0141,,,1
Dch1g00121,,,,,,1
Dch1g00122,Gel6g00598,Dno1g0128,Dth1g0144,,,1
Dch1g00123,,Dno1g0130,Dth1g0145,,,1
Dch1g00124,,Dno1g0133,Dth1g0147,,,1
Dch1g00125,Gel6g00596,Dno1g0139,Dth1g0150,,,1
Dch1g00126,,Dno1g0140,Dth1g0151,Pzi10g0805,,1
Dch1g00127,,,,,,1
Dch1g00128,,Dno1g0141,Dth1g0152,,,1
Dch1g00129,,,,,,1
Dch1g00130,,,,,,1
Dch1g00131,Gel6g00692,Dno1g0143,Dth1g0155,Pzi10g0807,Pgu8g0219,1
Dch1g00132,,Dno1g0144,Dth1g0156,,,1
Dch1g00133,,Dno1g0145,Dth1g0157,,,1
Dch1g00134,Gel6g00690,Dno1g0146,Dth1g0158,Pzi10g0809,Pgu8g0224,1
Dch1g00135,,Dno1g0147,Dth1g0160,,,1
Dch1g00136,,,,,,1
Dch1g00137,Gel6g00688,Dno1g0149,Dth1g0176,,,1
Dch1g00138,Gel6g00687,Dno1g0150,Dth1g0177,,,1
Dch1g00139,Gel6g00686,Dno1g0151,Dth1g0178,Pzi10g0811,Pgu8g0226,1
Dch1g00140,,,,,,1
Dch1g00141,,,,,,1
Dch1g00142,,Dno1g0159,Dth1g0183,,,1
Dch1g00143,,,,,,1
Dch1g00144,,,,,,1
Dch1g00145,,,,,,1
Dch1g00146,Gel6g00683,Dno1g0160,,,,1
Dch1g00147,Gel6g00682,Dno1g0161,Dth1g0184,,,1
Dch1g00148,,Dno1g0163,Dth1g0186,Pzi10g0822,Pgu8g0235,1
Dch1g00149,Gel6g00680,Dno1g0164,Dth1g0187,Pzi10g0823,Pgu8g0236,1
Dch1g00150,Gel6g00678,Dno1g0165,Dth1g0188,,,1
Dch1g00151,,,,,,1
Dch1g00152,Gel6g00676,,Dth1g0189,,,1
Dch1g00153,Gel6g00675,Dno1g0167,Dth1g0192,,,1
Dch1g00154,Gel6g00672,Dno1g0169,Dth1g0195,,,1
Dch1g00155,Gel6g00670,Dno1g0170,Dth1g0196,,,1
Dch1g00156,Gel6g00667,Dno1g0171,,,,1
Dch1g00157,,,,,,1
Dch1g00158,,Dno1g0173,,,,1
Dch1g00159,,Dno1g0174,Dth1g0198,,,1
Dch1g00160,,,,,,1
Dch1g00161,,,,,,1
Dch1g00162,Gel6g00663,Dno1g0175,Dth1g0199,,,1
Dch1g00163,,Dno1g0176,,,,1
Dch1g00164,,,,,,1
Dch1g00165,,,Dth1g0201,,,1
Dch1g00166,Gel6g00661,Dno1g0182,Dth1g0202,,,1
Dch1g00167,,Dno1g0183,Dth1g0203,,,1
Dch1g00168,Gel6g00660,Dno1g0184,Dth1g0204,,,1
Dch1g00169,,Dno1g0185,Dth1g0206,,,1
Dch1g00170,Gel6g00656,Dno1g0187,Dth1g0208,,,1
Dch1g00171,Gel6g00735,Dno1g0189,Dth1g0209,,,1
Dch1g00172,Gel6g00734,Dno1g0190,Dth1g0228,,,1
Dch1g00173,Gel6g00733,Dno1g0191,Dth1g0250,,,1
Dch1g00174,Gel6g00732,Dno1g0192,Dth1g0252,Pzi10g0735,Pgu8g0315,1
Dch1g00175,,Dno1g0193,Dth1g0253,,,1
Dch1g00176,Gel6g00730,Dno1g0196,Dth1g0255,Pzi10g0736,Pgu8g0314,1
Dch1g00177,Gel6g00729,Dno1g0197,Dth1g0256,,,1
Dch1g00178,Gel6g00728,,Dth1g0258,,,1
Dch1g00179,,,,,,1
Dch1g00180,Gel6g00727,Dno1g0199,Dth1g0259,,,1
Dch1g00181,,Dno1g0200,Dth1g0260,Pzi10g0747,,1
Dch1g00182,Gel6g00723,Dno1g0202,Dth1g0261,,,1
Dch1g00183,,,,,,1
Dch1g00184,Gel6g00720,Dno1g0204,Dth1g0263,,Pgu8g0304,1
Dch1g00185,Gel6g00715,,Dth1g0265,Pzi10g0761,Pgu8g0284,1
Dch1g00186,,,,,,1
Dch1g00187,Gel6g00714,Dno1g0208,Dth1g0267,,Pgu8g0282,1
Dch1g00188,Gel6g00713,Dno1g0209,,,Pgu8g0281,1
Dch1g00189,Gel6g00711,Dno1g0212,Dth1g0273,,Pgu8g0240,1
Dch1g00190,Gel6g00710,Dno1g0213,Dth1g0274,Pzi10g0770,Pgu8g0241,1
Dch1g00191,,,,,,1
Dch1g00192,,Dno1g0216,Dth1g0276,,,1
Dch1g00193,Gel6g00707,,Dth1g0277,,,1
Dch1g00194,,Dno1g0217,Dth1g0285,,,1
Dch1g00195,Gel6g00703,Dno1g0218,Dth1g0286,Pzi10g0774,Pgu8g0246,1
Dch1g00196,Gel6g00698,Dno1g0220,Dth1g0288,Pzi10g0793,Pgu8g0257,1
Dch1g00197,Gel6g00697,Dno1g0221,Dth1g0289,,Pgu8g0269,1
Dch1g00198,Gel6g00696,Dno1g0223,Dth1g0290,,Pgu8g0266,1
Dch1g00199,,Dno1g0224,Dth1g0292,Pzi10g0794,Pgu8g0260,1
Dch1g00200,,Dno1g0225,Dth1g0296,,,1
Dch1g00201,,,,,,1
Dch1g00202,,,,,,1
Dch1g00203,,,,,,1
Dch1g00204,Gel6g00786,Dno1g0228,Dth1g0299,,,1
Dch1g00205,Gel6g00787,Dno1g0229,Dth1g0301,Pzi10g0615,,1
Dch1g00206,Gel6g00788,Dno1g0231,Dth1g0302,,,1
Dch1g00207,Gel6g00780,Dno1g0232,Dth1g0303,,Pgu8g0406,1
Dch1g00208,Gel6g00778,Dno1g0233,,,,1
Dch1g00209,Gel6g00777,Dno1g0235,Dth1g0306,,,1
Dch1g00210,Gel6g00776,Dno1g0237,Dth1g0307,Pzi15g0200,,1
Dch1g00211,Gel6g00774,Dno1g0238,Dth1g0308,Pzi15g0201,,1
Dch1g00212,,Dno1g0239,Dth1g0309,,,1
Dch1g00213,Gel6g00772,Dno1g0240,Dth1g0310,Pzi15g0203,,1
Dch1g00214,,,Dth1g0311,,,1
Dch1g00215,,Dno1g0242,Dth1g0313,Pzi15g0205,,1
Dch1g00216,,,Dth1g0315,Pzi15g0209,,1
Dch1g00217,,,,,,1
Dch1g00218,,,,,,1
Dch1g00219,,,,,,1
Dch1g00220,,,,,,1
Dch1g00221,,,,,,1
Dch1g00222,,,,,,1
Dch1g00223,,Dno1g0244,Dth1g0316,Pzi10g0613,,1
Dch1g00224,,Dno1g0253,Dth1g0322,,Pgu8g0408,1
Dch1g00225,,,,,,1
Dch1g00226,,,,,,1
Dch1g00227,,Dno1g0262,,Pzi10g0609,Pgu8g0411,1
Dch1g00228,,Dno1g0263,Dth1g0331,Pzi10g0608,Pgu8g0412,1
Dch1g00229,Gel6g00768,Dno1g0264,Dth1g0334,Pzi10g0606,Pgu8g0414,1
Dch1g00230,Gel6g00791,Dno1g0265,Dth1g0335,,,1
Dch1g00231,,Dno1g0266,Dth1g0336,,Pgu8g0415,1
Dch1g00232,Gel6g00794,Dno1g0267,Dth1g0337,Pzi10g0604,,1
Dch1g00233,Gel6g00797,Dno1g0269,Dth1g0339,,,1
Dch1g00234,,Dno1g0271,Dth1g0340,,,1
Dch1g00235,,Dno1g0272,Dth1g0342,,,1
Dch1g00236,,,,,,1
Dch1g00237,,,,,,1
Dch1g00238,,,,,,1
Dch1g00239,,,,,,1
Dch1g00240,,,,,,1
Dch1g00241,,,,,,1
Dch1g00242,,,,,,1
Dch1g00243,,,,,,1
Dch1g00244,,,,,,1
Dch1g00245,,,,,,1
Dch1g00246,,,,,,1
Dch1g00247,,,,,,1
Dch1g00248,,,,,,1
Dch1g00249,,,,,,1
Dch1g00250,,,,,,1
Dch1g00251,,,Dth1g0345,,,1
Dch1g00252,,,,,,1
Dch1g00253,,,,,,1
Dch1g00254,,,,,,1
Dch1g00255,,,,,,1
Dch1g00256,,,,,,1
Dch1g00257,,,,,,1
Dch1g00258,,,,,,1
Dch1g00259,,,,,,1
Dch1g00260,,,,,,1
Dch1g00261,,,,,,1
Dch1g00262,,,,,,1
Dch1g00263,,,,,,1
Dch1g00264,,,,,,1
Dch1g00265,,,,,,1
Dch1g00266,,,,,,1
Dch1g00267,,,,,,1
Dch1g00268,,,,,,1
Dch1g00269,,,,,,1
Dch1g00270,,,,,,1
Dch1g00271,,,,,,1
Dch1g00272,,,,,,1
Dch1g00273,,,,,,1
Dch1g00274,,,,,,1
Dch1g00275,,,,,,1
Dch1g00276,,,,,,1
Dch1g00277,,,,,,1
Dch1g00278,,,,,,1
Dch1g00279,,,,,,1
Dch1g00280,,,,,,1
Dch1g00281,,,,,,1
Dch1g00282,,,,,,1
Dch1g00283,,,,,,1
Dch1g00284,,,,,,1
Dch1g00285,,,,,,1
Dch1g00286,,,,,,1
Dch1g00287,,,,,,1
Dch1g00288,,,,,,1
Dch1g00289,,,,,,1
Dch1g00290,,,,,,1
Dch1g00291,,,,,,1
Dch1g00292,,,,,,1
Dch1g00293,,,,,,1
Dch1g00294,,,,,,1
Dch1g00295,,,,,,1
Dch1g00296,,,,,,1
Dch1g00297,,,,,,1
Dch1g00298,,,,,,1
Dch1g00299,,,,,,1
Dch1g00300,,,,,,1
Dch1g00301,,,Dth1g0342,,,1
Dch1g00302,,,Dth1g0345,,,1
Dch1g00303,,,,,,1
Dch1g00304,,Dno1g0272,,,,1
Dch1g00305,Gel6g00800,Dno1g0274,Dth1g0347,,,1
Dch1g00306,,,,,,1
Dch1g00307,,Dno1g0275,Dth1g0348,,,1
Dch1g00308,,,,,,1
Dch1g00309,,Dno1g0276,Dth1g0349,,,1
Dch1g00310,,,,,,1
Dch1g00311,,,,,,1
Dch1g00312,Gel6g00806,Dno1g0278,Dth1g0351,,,1
Dch1g00313,,Dno1g0279,Dth1g0352,,,1
Dch1g00314,,,,,,1
Dch1g00315,Gel6g00807,Dno1g0280,Dth1g0354,,,1
Dch1g00316,,Dno1g0283,Dth1g0356,Pzi10g0725,,1
Dch1g00317,,Dno1g0285,,,,1
Dch1g00318,,,,,,1
Dch1g00319,,,,,,1
Dch1g00320,,,,,,1
Dch1g00321,,,,,,1
Dch1g00322,,,,,,1
Dch1g00323,,,,,,1
Dch1g00324,,,,,,1
Dch1g00325,,,,,,1
Dch1g00326,,,,,,1
Dch1g00327,,,,,,1
Dch1g00328,Gel6g00810,Dno1g0286,Dth1g0361,Pzi10g0721,Pgu8g0332,1
Dch1g00329,Gel6g00811,Dno1g0290,Dth1g0364,Pzi10g0720,Pgu8g0335,1
Dch1g00330,,,,,,1
Dch1g00331,,,Dth1g0365,,,1
Dch1g00332,,,,,,1
Dch1g00333,,,,,,1
Dch1g00334,Gel6g00750,Dno1g0292,Dth1g0366,,,1
Dch1g00335,Gel6g00749,Dno1g0293,Dth1g0368,,Pgu8g0341,1
Dch1g00336,,Dno1g0294,Dth1g0370,Pzi10g0716,,1
Dch1g00337,,,,,,1
Dch1g00338,Gel6g00748,Dno1g0296,Dth1g0371,,,1
Dch1g00339,Gel6g00746,Dno1g0300,Dth1g0373,,Pgu8g0344,1
Dch1g00340,Gel6g00745,Dno1g0301,,Pzi10g0713,,1
Dch1g00341,,,,,,1
Dch1g00342,,Dno1g0303,Dth1g0381,,,1
Dch1g00343,Gel6g00742,Dno1g0304,,Pzi10g0710,Pgu8g0345,1
Dch1g00344,,,,,,1
Dch1g00345,,,,,,1
Dch1g00346,,,,,,1
Dch1g00347,,,,Pzi10g0708,Pgu8g0346,1
Dch1g00348,Gel6g00741,Dno1g0306,Dth1g0382,Pzi10g0707,,1
Dch1g00349,Gel6g00740,Dno1g0307,Dth1g0383,Pzi10g0706,,1
Dch1g00350,,Dno1g0308,Dth1g0384,,,1
Dch1g00351,,,Dth1g0385,,,1
Dch1g00352,,Dno1g0309,Dth1g0386,,,1
Dch1g00353,,Dno1g0310,Dth1g0392,Pzi15g0243,Pgu11g0231,1
Dch1g00354,,Dno1g0311,Dth1g0395,Pzi15g0242,Pgu11g0230,1
Dch1g00355,,,,,,1
Dch1g00356,,,,,,1
Dch1g00357,,Dno1g0312,Dth1g0396,,Pgu11g0228,1
Dch1g00358,,Dno1g0314,Dth1g0399,,Pgu11g0226,1
Dch1g00359,,Dno1g0316,Dth1g0400,,,1
Dch1g00360,,Dno1g0317,Dth1g0401,,Pgu11g0225,1
Dch1g00361,,,,,Pgu11g0224,1
Dch1g00362,,,,,,1
Dch1g00363,,Dno1g0319,Dth1g0402,Pzi15g0240,Pgu11g0223,1
Dch1g00364,,,,,,1
Dch1g00365,,Dno1g0322,Dth1g0403,,,1
Dch1g00366,,Dno1g0324,Dth1g0407,,,1
Dch1g00367,,Dno1g0327,Dth1g0408,Pzi15g0236,,1
Dch1g00368,,Dno1g0328,Dth1g0409,Pzi15g0219,,1
Dch1g00369,,,,,,1
Dch1g00370,,,,,,1
Dch1g00371,,Dno1g0331,Dth1g0413,,Pgu11g0203,1
Dch1g00372,,Dno1g0333,Dth1g0414,,,1
Dch1g00373,,,,,,1
Dch1g00374,,Dno1g0337,Dth1g0416,Pzi15g0220,Pgu11g0207,1
Dch1g00375,,,,,,1
Dch1g00376,,,,,,1
Dch1g00377,Gel6g00759,,Dth1g0417,,,1
Dch1g00378,,,,,,1
Dch1g00379,,,,,,1
Dch1g00380,,,,,,1
Dch1g00381,,Dno1g0340,Dth1g0421,,,1
Dch1g00382,Gel6g00756,Dno1g0341,Dth1g0423,Pzi15g0223,Pgu11g0210,1
Dch1g00383,Gel6g00755,,Dth1g0425,Pzi15g0224,Pgu11g0211,1
Dch1g00384,,,,,,1
Dch1g00385,Gel6g00754,Dno1g0345,Dth1g0427,Pzi15g0225,Pgu11g0212,1
Dch1g00386,Gel6g00753,Dno1g0346,Dth1g0428,Pzi15g0226,Pgu11g0213,1
Dch1g00387,,,,,,1
Dch1g00388,Gel6g00752,Dno1g0347,Dth1g0429,Pzi15g0227,Pgu11g0215,1
Dch1g00389,,,,,,1
Dch1g00390,Gel6g00828,Dno1g0348,Dth1g0432,Pzi15g0228,,1
Dch1g00391,,,,,,1
Dch1g00392,,Dno1g0357,Dth1g0433,Pzi15g0229,Pgu11g0217,1
Dch1g00393,,,,,,1
Dch1g00394,Gel6g00827,Dno1g0359,Dth1g0434,,,1
Dch1g00395,,Dno1g0365,,,,1
Dch1g00396,,Dno1g0367,Dth1g0435,Pzi15g0230,,1
Dch1g00397,,Dno1g0369,,,,1
Dch1g00398,,Dno1g0370,,,,1
Dch1g00399,,,,,,1
Dch1g00400,Gel6g00826,Dno1g0371,Dth1g0443,,,1
Dch1g00401,,Dno1g0372,Dth1g0445,Pzi15g0231,Pgu11g0218,1
Dch1g00402,Gel6g00825,Dno1g0374,Dth1g0446,,,1
Dch1g00403,,Dno1g0375,Dth1g0448,,,1
Dch1g00404,Gel6g00824,,,,,1
Dch1g00405,Gel6g00822,Dno1g0376,Dth1g0450,Pzi15g0232,Pgu11g0219,1
Dch1g00406,Gel6g00821,Dno1g0377,Dth1g0452,Pzi15g0233,Pgu11g0220,1
Dch1g00407,,Dno1g0383,,Pzi15g0215,Pgu11g0202,1
Dch1g00408,,,,,,1
Dch1g00409,,,,,,1
Dch1g00410,,,,,,1
Dch1g00411,,Dno1g0386,Dth1g0460,,,1
Dch1g00412,Gel6g00817,Dno1g0387,,Pzi15g0214,Pgu11g0201,1
Dch1g00413,,,,,,1
Dch1g00414,,,Dth1g0461,,,1
Dch1g00415,,Dno1g0389,Dth1g0462,,,1
Dch1g00416,,,,,,1
Dch1g00417,Gel1g00777,Dno1g0390,Dth1g0466,,,1
Dch1g00418,,,,,,1
Dch1g00419,Gel6g00814,Dno1g0392,Dth1g0468,Pzi15g0213,Pgu11g0200,1
Dch1g00420,,,,,,1
Dch1g00421,,,,,,1
Dch1g00422,,Dno1g0393,Dth1g0478,,,1
Dch1g00423,,Dno1g0398,Dth1g0482,,,1
Dch1g00424,,Dno1g0400,Dth1g0514,Pzi15g0246,Pgu11g0238,1
Dch1g00425,,Dno1g0406,,Pzi15g0247,Pgu11g0239,1
Dch1g00426,,,,,,1
Dch1g00427,,,,,,1
Dch1g00428,,,,,,1
Dch1g00429,,,,Pzi15g0252,Pgu11g0244,1
Dch1g00430,,Dno1g0407,Dth1g0513,Pzi15g0212,Pgu11g0198,1
Dch1g00431,,,,,,1
Dch1g00432,,,,,,1
Dch1g00433,,,,,,1
Dch1g00434,,,,,,1
Dch1g00435,,,,,,1
Dch1g00436,Gel1g00774,Dno1g0409,Dth1g0510,Pzi15g0265,,1
Dch1g00437,,,,,,1
Dch1g00438,Gel1g00770,Dno1g0410,Dth1g0489,,,1
Dch1g00439,,,,,,1
Dch1g00440,,Dno1g0418,,,,1
Dch1g00441,,,,,,1
Dch1g00442,Gel1g00769,Dno1g0432,Dth1g0504,,,1
Dch1g00443,,,,,,1
Dch1g00444,,,,,,1
Dch1g00445,,Dno1g0428,Dth1g0494,,,1
Dch1g00446,Gel1g00751,Dno1g0437,Dth1g0518,,,1
Dch1g00447,,,,,,1
Dch1g00448,,,,,,1
Dch1g00449,,Dno1g0416,Dth1g0519,Pzi15g0290,Pgu11g0277,1
Dch1g00450,,Dno1g0414,,,,1
Dch1g00451,Gel1g00740,Dno1g0413,Dth1g0520,,,1
Dch1g00452,,,,,,1
Dch1g00453,,Dno1g0439,Dth1g0522,Pzi15g0283,,1
Dch1g00454,,,,Pzi15g0282,,1
Dch1g00455,,,,,,1
Dch1g00456,,,,,,1
Dch1g00457,,Dno1g0450,Dth1g0526,Pzi15g0281,,1
Dch1g00458,,,Dth1g0531,Pzi15g0280,Pgu11g0274,1
Dch1g00459,,,,,,1
Dch1g00460,,Dno1g0455,Dth1g0533,Pzi15g0277,Pgu11g0266,1
Dch1g00461,,Dno1g0456,,,,1
Dch1g00462,,,,,,1
Dch1g00463,,,,,,1
Dch1g00464,,Dno1g0458,Dth1g0536,Pzi15g0274,Pgu11g0264,1
Dch1g00465,,,,,,1
Dch1g00466,,,,Pzi15g0270,Pgu11g0259,1
Dch1g00467,,Dno1g0459,,Pzi15g0269,Pgu11g0257,1
Dch1g00468,,Dno1g0461,Dth1g0539,,,1
Dch1g00469,,,,,,1
Dch1g00470,,Dno1g0463,Dth1g0542,,,1
Dch1g00471,,Dno1g0464,Dth1g0543,Pzi15g0294,Pgu11g0280,1
Dch1g00472,,,,,,1
Dch1g00473,,,,,,1
Dch1g00474,,,,,,1
Dch1g00475,,,,,,1
Dch1g00476,,Dno1g0467,Dth1g0545,Pzi15g0297,Pgu11g0281,1
Dch1g00477,,,,,,1
Dch1g00478,,,,,,1
Dch1g00479,,,,,,1
Dch1g00480,,,,,,1
Dch1g00481,,,,,,1
Dch1g00482,,,,,,1
Dch1g00483,,,,,,1
Dch1g00484,,,,,,1
Dch1g00485,,,,,,1
Dch1g00486,,,,,,1
Dch1g00487,,,,,,1
Dch1g00488,Gel1g00428,Dno1g0475,Dth1g0549,Pzi15g0300,Pgu11g0284,1
Dch1g00489,,,,,,1
Dch1g00490,,Dno1g0479,Dth1g0551,,,1
Dch1g00491,,,,,,1
Dch1g00492,,,,,,1
Dch1g00493,,,,,,1
Dch1g00494,Gel1g00430,Dno1g0482,Dth1g0552,Pzi15g0303,Pgu11g0287,1
Dch1g00495,Gel1g00431,Dno1g0486,Dth1g0554,Pzi15g0305,Pgu11g0288,1
Dch1g00496,,Dno1g0489,Dth1g0560,Pzi15g0306,,1
Dch1g00497,,,,,,1
Dch1g00498,,,,,,1
Dch1g00499,Gel1g00432,Dno1g0491,Dth1g0561,Pzi15g0308,Pgu11g0291,1
Dch1g00500,,Dno1g0492,Dth1g0562,Pzi15g0309,Pgu11g0293,1
Dch1g00501,,,,,,1
Dch1g00502,Gel1g00435,Dno1g0495,Dth1g0563,,,1
Dch1g00503,,,,,,1
Dch1g00504,,,,,,1
Dch1g00505,,,Dth1g0566,,,1
Dch1g00506,,,,,,1
Dch1g00507,Gel1g00436,Dno1g0503,Dth1g0569,Pzi15g0315,Pgu11g0296,1
Dch1g00508,Gel1g00437,Dno1g0508,Dth1g0572,Pzi15g0317,Pgu11g0297,1
Dch1g00509,,,,,,1
Dch1g00510,Gel1g00438,Dno1g0512,Dth1g0573,Pzi15g0318,,1
Dch1g00511,Gel1g00439,Dno1g0513,Dth1g0574,Pzi15g0320,Pgu11g0298,1
Dch1g00512,,Dno1g0516,Dth1g0576,Pzi15g0322,Pgu11g0301,1
Dch1g00513,,,,,,1
Dch1g00514,,Dno1g0522,Dth1g0578,,Pgu11g0302,1
Dch1g00515,,Dno1g0524,Dth1g0579,Pzi15g0323,,1
Dch1g00516,,,Dth1g0582,,,1
Dch1g00517,,Dno1g0525,Dth1g0583,,,1
Dch1g00518,,Dno1g0529,Dth1g0591,,Pgu11g0303,1
Dch1g00519,,,,,,1
Dch1g00520,,,Dth1g0592,,,1
Dch1g00521,,,,,,1
Dch1g00522,,Dno1g0530,Dth1g0594,,,1
Dch1g00523,,,,,,1
Dch1g00524,,,,,,1
Dch1g00525,,Dno1g0531,Dth1g0595,,Pgu11g0304,1
Dch1g00526,,Dno1g0537,Dth1g0602,,,1
Dch1g00527,,,,,,1
Dch1g00528,,Dno1g0541,Dth1g0605,,,1
Dch1g00529,,Dno1g0542,Dth1g0606,,,1
Dch1g00530,Gel1g00493,Dno1g0544,,Pzi15g0326,Pgu11g0307,1
Dch1g00531,,Dno1g0557,,,,1
Dch1g00532,,,,,,1
Dch1g00533,Gel1g00492,Dno1g0558,Dth1g0612,Pzi15g0327,Pgu11g0311,1
Dch1g00534,,,,,,1
Dch1g00535,,,,,,1
Dch1g00536,,,,,,1
Dch1g00537,,,,,,1
Dch1g00538,,,,,,1
Dch1g00539,,,,,,1
Dch1g00540,,,Dth1g0613,,Pgu11g0312,1
Dch1g00541,,Dno1g0561,Dth1g0617,Pzi15g0329,,1
Dch1g00542,,,,,,1
Dch1g00543,,,,,,1
Dch1g00544,,,,,,1
Dch1g00545,,,,,,1
Dch1g00546,,,,,,1
Dch1g00547,,,,,,1
Dch1g00548,Gel1g00491,Dno1g0565,Dth1g0621,Pzi15g0334,Pgu11g0317,1
Dch1g00549,,,,,,1
Dch1g00550,,,,,,1
Dch1g00551,,Dno1g0566,Dth1g0624,,,1
Dch1g00552,Gel1g00489,Dno1g0567,Dth1g0626,Pzi15g0342,Pgu11g0324,1
Dch1g00553,Gel1g00488,Dno1g0568,Dth1g0627,Pzi15g0341,,1
Dch1g00554,,Dno1g0569,Dth1g0633,Pzi15g0340,,1
Dch1g00555,,Dno1g0570,Dth1g0635,Pzi15g0337,,1
Dch1g00556,,Dno1g0578,Dth1g0636,Pzi15g0338,,1
Dch1g00557,,,,,,1
Dch1g00558,,Dno1g0576,Dth1g0636,Pzi15g0338,,1
Dch1g00559,,,,,,1
Dch1g00560,,,,,,1
Dch1g00561,Gel1g00692,Dno1g0578,Dth1g0637,Pzi15g0337,,1
Dch1g00562,Gel1g00695,Dno1g0579,Dth1g0644,,,1
Dch1g00563,,Dno1g0580,Dth1g0645,Pzi15g0344,Pgu11g0327,1
Dch1g00564,,,,,,1
Dch1g00565,Gel1g00699,Dno1g0582,Dth1g0646,,,1
Dch1g00566,,,,,,1
Dch1g00567,Gel1g00704,Dno1g0584,Dth1g0648,Pzi15g0346,Pgu11g0328,1
Dch1g00568,Gel1g00706,Dno1g0585,Dth1g0649,Pzi15g0347,Pgu11g0329,1
Dch1g00569,,Dno1g0589,Dth1g0654,,,1
Dch1g00570,,,Dth1g0655,Pzi15g0351,Pgu11g0334,1
Dch1g00571,,,,,,1
Dch1g00572,,Dno1g0590,Dth1g0656,Pzi15g0352,Pgu11g0335,1
Dch1g00573,,Dno1g0591,Dth1g0662,Pzi15g0354,Pgu11g0336,1
Dch1g00574,,Dno1g0592,Dth1g0664,Pzi15g0355,,1
Dch1g00575,,Dno1g0580,,Pzi15g0344,,1
Dch1g00576,,Dno1g0582,,,,1
Dch1g00577,,Dno1g0584,,Pzi15g0346,,1
Dch1g00578,,Dno1g0585,,Pzi15g0347,,1
Dch1g00579,Gel1g00322,Dno1g0589,,,,1
Dch1g00580,,,,,,1
Dch1g00581,,,,Pzi15g0351,,1
Dch1g00582,Gel1g00323,Dno1g0591,,Pzi15g0354,,1
Dch1g00583,Gel1g00324,,,,,1
Dch1g00584,,Dno1g0594,Dth1g0665,,,1
Dch1g00585,Gel1g00325,Dno1g0595,Dth1g0669,Pzi15g0357,Pgu11g0338,1
Dch1g00586,,Dno1g0597,Dth1g0674,,,1
Dch1g00587,,,,,,1
Dch1g00588,Gel1g00328,Dno1g0598,Dth1g0680,Pzi15g0360,,1
Dch1g00589,Gel1g00332,Dno1g0601,Dth1g0681,Pzi15g0886,,1
Dch1g00590,Gel1g00333,Dno1g0602,Dth1g0682,Pzi15g0371,,1
Dch1g00591,Gel1g00334,Dno1g0603,Dth1g0683,Pzi15g0889,,1
Dch1g00592,,,,,,1
Dch1g00593,,,,,,1
Dch1g00594,Gel1g00336,Dno1g0604,Dth1g0685,Pzi15g0375,,1
Dch1g00595,,Dno1g0606,Dth1g0687,,,1
Dch1g00596,,,,,,1
Dch1g00597,,,,,,1
Dch1g00598,Gel1g00337,Dno1g0608,Dth1g0688,Pzi15g0376,,1
Dch1g00599,,Dno1g0610,Dth1g0689,,,1
Dch1g00600,Gel1g00338,Dno1g0611,Dth1g0690,Pzi15g0895,,1
Dch1g00601,Gel1g00339,Dno1g0612,Dth1g0691,,,1
Dch1g00602,,,,,,1
Dch1g00603,,Dno1g0616,Dth1g0692,Pzi15g0899,,1
Dch1g00604,,,,,,1
Dch1g00605,,,,,,1
Dch1g00606,,,,,,1
Dch1g00607,,,,,,1
Dch1g00608,,,,,,1
Dch1g00609,,,,,,1
Dch1g00610,,,Dth1g0697,,,1
Dch1g00611,,,,,,1
Dch1g00612,,,,,,1
Dch1g00613,,,,,,1
Dch1g00614,,,,,,1
Dch1g00615,,Dno1g0629,Dth1g0707,,,1
Dch1g00616,,,,,,1
Dch1g00617,,,,,,1
Dch1g00618,,,,,,1
Dch1g00619,Gel1g00343,Dno1g0632,Dth1g0709,Pzi15g0900,,1
Dch1g00620,Gel1g00346,Dno1g0634,Dth1g0711,,,1
Dch1g00621,Gel1g00347,Dno1g0636,Dth1g0712,Pzi15g0748,,1
Dch1g00622,Gel1g00349,Dno1g0647,Dth1g0718,Pzi15g0749,,1
Dch1g00623,,Dno1g0649,Dth1g0721,,,1
Dch1g00624,,Dno1g0652,Dth1g0722,,,1
Dch1g00625,,,,,,1
Dch1g00626,Gel1g00350,Dno1g0663,Dth1g0725,Pzi15g0755,,1
Dch1g00627,Gel1g00352,Dno1g0664,Dth1g0726,Pzi15g0757,,1
Dch1g00628,,Dno1g0669,Dth1g0729,,,1
Dch1g00629,Gel1g00353,Dno1g0670,Dth1g0730,,,1
Dch1g00630,,,,,,1
Dch1g00631,Gel1g00356,Dno1g0672,Dth1g0733,Pzi15g0758,,1
Dch1g00632,,,,,,1
Dch1g00633,,,,,,1
Dch1g00634,,,,,,1
Dch1g00635,,Dno1g0676,,,,1
Dch1g00636,,,,,,1
Dch1g00637,,,,,,1
Dch1g00638,,,,,,1
Dch1g00639,,,,,,1
Dch1g00640,,,,,,1
Dch1g00641,,,,,,1
Dch1g00642,Gel1g00360,Dno1g0679,Dth1g0737,,,1
Dch1g00643,Gel1g00374,Dno1g0681,Dth1g0739,,,1
Dch1g00644,,Dno1g0683,Dth1g0740,,,1
Dch1g00645,,,,,,1
Dch1g00646,Gel1g00376,Dno1g0687,Dth1g0741,,,1
Dch1g00647,,,,,,1
Dch1g00648,,Dno1g0688,,,,1
Dch1g00649,,Dno1g0693,Dth1g0742,,,1
Dch1g00650,,,,,,1
Dch1g00651,Gel1g00379,Dno1g0694,Dth1g0743,,,1
Dch1g00652,Gel1g00381,Dno1g0695,Dth1g0745,,,1
Dch1g00653,,Dno1g0696,Dth1g0746,Pzi15g0411,,1
Dch1g00654,,,,,,1
Dch1g00655,Gel1g00383,Dno1g0698,Dth1g0747,Pzi15g0407,Pgu11g0398,1
Dch1g00656,Gel1g00384,Dno1g0699,Dth1g0748,Pzi15g0406,Pgu11g0397,1
Dch1g00657,Gel1g00388,Dno1g0700,Dth1g0749,Pzi15g0405,Pgu11g0396,1
Dch1g00658,Gel1g00390,Dno1g0701,Dth1g0750,Pzi15g0404,Pgu11g0395,1
Dch1g00659,Gel1g00393,Dno1g0702,Dth1g0752,,,1
Dch1g00660,Gel1g00397,Dno1g0707,Dth1g0754,,,1
Dch1g00661,,,,,,1
Dch1g00662,,Dno1g0708,Dth1g0755,Pzi15g0403,,1
Dch1g00663,,Dno1g0709,Dth1g0756,Pzi15g0401,,1
Dch1g00664,,Dno1g0711,Dth1g0757,Pzi15g0397,Pgu11g0392,1
Dch1g00665,Gel1g00401,Dno1g0712,Dth1g0758,,,1
Dch1g00666,Gel1g00402,Dno1g0713,Dth1g0759,Pzi15g0396,Pgu11g0391,1
Dch1g00667,,,,,,1
Dch1g00668,,Dno1g0714,Dth1g0760,,,1
Dch1g00669,,Dno1g0716,Dth1g0762,,,1
Dch1g00670,,Dno1g0717,Dth1g0763,,,1
Dch1g00671,,Dno1g0718,Dth1g0764,,,1
Dch1g00672,,Dno1g0719,Dth1g0765,,,1
Dch1g00673,,Dno1g0720,Dth1g0766,,,1
Dch1g00674,,,,,,1
Dch1g00675,,Dno1g0722,Dth1g0768,,,1
Dch1g00676,,Dno1g0723,,,,1
Dch1g00677,,,Dth1g0769,,,1
Dch1g00678,,,,,,1
Dch1g00679,,,,,,1
Dch1g00680,,Dno1g0724,Dth1g0770,,,1
Dch1g00681,,,,,,1
Dch1g00682,,,Dth1g0771,,,1
Dch1g00683,,,,,,1
Dch1g00684,,Dno1g0726,,,,1
Dch1g00685,,Dno1g0727,,,,1
Dch1g00686,,Dno1g0733,Dth1g0773,,,1
Dch1g00687,,,,,,1
Dch1g00688,,,,,,1
Dch1g00689,,,,,,1
Dch1g00690,,,,,,1
Dch1g00691,,Dno1g0735,Dth1g0774,,,1
Dch1g00692,,,,,,1
Dch1g00693,,,,,,1
Dch1g00694,,,,,,1
Dch1g00695,,,,,,1
Dch1g00696,,Dno1g0738,Dth1g0776,,,1
Dch1g00697,,Dno1g0740,Dth1g0777,,,1
Dch1g00698,,,,,,1
Dch1g00699,,,,,,1
Dch1g00700,,Dno1g0744,Dth1g0779,,,1
Dch1g00701,,,,,,1
Dch1g00702,,,,,,1
Dch1g00703,,,,,,1
Dch1g00704,,,,,,1
Dch1g00705,,Dno1g0748,Dth1g0783,,,1
Dch1g00706,,Dno1g0749,Dth1g0784,,,1
Dch1g00707,,,,,,1
Dch1g00708,,Dno1g0751,,Pzi15g0422,Pgu11g0416,1
Dch1g00709,,,,,,1
Dch1g00710,,Dno1g0752,,Pzi15g0426,Pgu11g0417,1
Dch1g00711,,,,,,1
Dch1g00712,,,,,,1
Dch1g00713,,,,,,1
Dch1g00714,,,,,,1
Dch1g00715,,,,,,1
Dch1g00716,,Dno1g0754,Dth1g0788,Pzi15g0427,Pgu11g0419,1
Dch1g00717,,Dno1g0755,Dth1g0789,Pzi15g0428,Pgu11g0420,1
Dch1g00718,,Dno1g0758,Dth1g0791,,,1
Dch1g00719,,Dno1g0759,Dth1g0792,Pzi15g0432,Pgu11g0424,1
Dch1g00720,,Dno1g0760,Dth1g0793,,,1
Dch1g00721,Gel1g00719,Dno1g0762,Dth1g0796,,,1
Dch1g00722,Gel1g00720,Dno1g0763,Dth1g0797,Pzi15g0433,Pgu11g0425,1
Dch1g00723,,Dno1g0768,Dth1g0803,,Pgu11g0426,1
Dch1g00724,,Dno1g0775,,,,1
Dch1g00725,,Dno1g0771,,,,1
Dch1g00726,,Dno1g0770,Dth1g0808,,,1
Dch1g00727,,,,,,1
Dch1g00728,,,,,,1
Dch1g00729,,Dno1g0771,Dth1g0807,,,1
Dch1g00730,,Dno1g0763,Dth1g0805,,,1
Dch1g00731,,,,,,1
Dch1g00732,,Dno1g0775,Dth1g0803,,,1
Dch1g00733,,,,,,1
Dch1g00734,,Dno1g0773,Dth1g0806,,,1
Dch1g00735,,Dno1g0775,Dth1g0807,,,1
Dch1g00736,,Dno1g0776,Dth1g0809,,,1
Dch1g00737,,Dno1g0778,Dth1g0810,Pzi15g0434,Pgu11g0427,1
Dch1g00738,Gel1g00721,Dno1g0779,Dth1g0813,Pzi15g0435,Pgu11g0428,1
Dch1g00739,Gel1g00722,Dno1g0780,Dth1g0814,Pzi15g0436,,1
Dch1g00740,,,,,,1
Dch1g00741,Gel1g00743,Dno1g0781,Dth1g0815,Pzi15g0437,Pgu11g0430,1
Dch1g00742,,Dno1g0782,,Pzi15g0438,,1
Dch1g00743,,Dno1g0783,Dth1g0816,Pzi15g0439,Pgu11g0431,1
Dch1g00744,,Dno1g0784,Dth1g0818,Pzi15g0443,,1
Dch1g00745,,Dno1g0786,Dth1g0820,,,1
Dch1g00746,,Dno1g0787,Dth1g0821,Pzi15g0446,Pgu11g0437,1
Dch1g00747,,Dno1g0790,Dth1g0822,Pzi15g0447,Pgu11g0439,1
Dch1g00748,,Dno1g0792,Dth1g0823,,,1
Dch1g00749,,Dno1g0793,Dth1g0826,,Pgu11g0440,1
Dch1g00750,,Dno1g0795,Dth1g0828,Pzi15g0449,Pgu11g0441,1
Dch1g00751,,,Dth1g0831,,,1
Dch1g00752,,,,,,1
Dch1g00753,,,,,,1
Dch1g00754,,Dno1g0796,,Pzi15g0450,Pgu11g0442,1
Dch1g00755,,,,,,1
Dch1g00756,,Dno1g0797,,,,1
Dch1g00757,,,,,,1
Dch1g00758,,Dno1g0799,,,,1
Dch1g00759,,,,,,1
Dch1g00760,,,,,,1
Dch1g00761,,Dno1g0802,,Pzi15g0453,Pgu11g0445,1
Dch1g00762,,,,,,1
Dch1g00763,,,Dth1g0835,Pzi15g0454,Pgu11g0447,1
Dch1g00764,,Dno1g0803,Dth1g0837,Pzi15g0458,Pgu11g0451,1
Dch1g00765,,Dno1g0804,Dth1g0838,,,1
Dch1g00766,,Dno1g0806,Dth1g0839,Pzi15g0459,Pgu11g0452,1
Dch1g00767,,Dno1g0807,Dth1g0840,Pzi15g0461,,1
Dch1g00768,,,,,,1
Dch1g00769,,Dno1g0810,Dth1g0841,,,1
Dch1g00770,,Dno1g0815,,,,1
Dch1g00771,,Dno1g0816,Dth1g0842,,,1
Dch1g00772,,Dno1g0817,,,,1
Dch1g00773,,Dno1g0818,Dth1g0843,Pzi15g0462,Pgu11g0453,1
Dch1g00774,,Dno1g0819,Dth1g0845,,,1
Dch1g00775,Gel1g00180,Dno1g0820,Dth1g0846,,,1
Dch1g00776,Gel1g00181,Dno1g0821,Dth1g0848,Pzi15g0466,Pgu11g0458,1
Dch1g00777,,Dno1g0822,,Pzi15g0468,,1
Dch1g00778,,Dno1g0828,Dth1g0850,,,1
Dch1g00779,,Dno1g0830,Dth1g0852,,,1
Dch1g00780,,,,,,1
Dch1g00781,Gel1g00182,Dno1g0832,Dth1g0854,Pzi15g0470,Pgu11g0459,1
Dch1g00782,Gel1g00184,Dno1g0833,Dth1g0855,Pzi15g0473,Pgu11g0462,1
Dch1g00783,Gel1g00186,Dno1g0835,Dth1g0856,Pzi15g0474,Pgu11g0463,1
Dch1g00784,,Dno1g0836,Dth1g0857,,,1
Dch1g00785,Gel1g00188,Dno1g0837,Dth1g0858,Pzi15g0475,Pgu11g0465,1
Dch1g00786,Gel1g00191,Dno1g0838,Dth1g0859,,,1
Dch1g00787,,Dno1g0839,Dth1g0860,,,1
Dch1g00788,,Dno1g0840,Dth1g0861,,,1
Dch1g00789,,Dno1g0879,,,,1
Dch1g00790,Gel1g00194,Dno1g0846,Dth1g0865,,,1
Dch1g00791,Gel1g00195,Dno1g0847,Dth1g0866,Pzi15g0486,Pgu11g0478,1
Dch1g00792,Gel1g00199,Dno1g0849,Dth1g0867,Pzi15g0489,,1
Dch1g00793,,Dno1g0850,Dth1g0869,,,1
Dch1g00794,Gel1g00202,Dno1g0851,Dth1g0870,,,1
Dch1g00795,,,,Pzi15g0600,,1
Dch1g00796,Gel1g00203,Dno1g0852,Dth1g0871,,,1
Dch1g00797,Gel1g00205,Dno1g0854,Dth1g0874,Pzi15g0503,Pgu11g0485,1
Dch1g00798,Gel1g00207,Dno1g0855,Dth1g0875,Pzi15g0504,Pgu11g0486,1
Dch1g00799,Gel1g00209,Dno1g0856,Dth1g0876,Pzi15g0505,Pgu11g0487,1
Dch1g00800,Gel1g00210,Dno1g0857,Dth1g0878,Pzi15g0506,Pgu11g0491,1
Dch1g00801,,,,,,1
Dch1g00802,Gel1g00213,Dno1g0859,Dth1g0879,Pzi15g0580,Pgu11g0498,1
Dch1g00803,,,,,,1
Dch1g00804,,Dno1g0860,Dth1g0882,Pzi15g0514,Pgu11g0499,1
Dch1g00805,,Dno1g0862,Dth1g0883,Pzi15g0510,,1
Dch1g00806,,,,,,1
Dch1g00807,,,,,,1
Dch1g00808,,Dno1g0867,Dth1g0886,Pzi15g0509,,1
Dch1g00809,Gel1g00216,Dno1g0873,Dth1g0888,Pzi15g0576,Pgu11g0565,1
Dch1g00810,Gel1g00225,Dno1g0874,Dth1g0889,Pzi15g0575,Pgu11g0562,1
Dch1g00811,,Dno1g0875,Dth1g0890,,,1
Dch1g00812,,Dno1g0876,Dth1g0891,,,1
Dch1g00813,,Dno1g0878,Dth1g0892,,,1
Dch1g00814,,Dno1g0879,Dth1g0893,Pzi15g0487,,1
Dch1g00815,,,,,,1
Dch1g00816,,,,,,1
Dch1g00817,,,,,,1
Dch1g00818,,Dno1g0847,,Pzi15g0486,,1
Dch1g00819,,,,,,1
Dch1g00820,,,,,,1
Dch1g00821,,,,,,1
Dch1g00822,,,,,Pgu11g0561,1
Dch1g00823,,,,,,1
Dch1g00824,,Dno1g0882,Dth1g0896,,Pgu11g0560,1
Dch1g00825,,,,Pzi15g0571,,1
Dch1g00826,,Dno1g0883,,Pzi15g0561,,1
Dch1g00827,,,,,,1
Dch1g00828,,,Dth1g0897,,,1
Dch1g00829,Gel1g00226,Dno1g0885,Dth1g0898,Pzi15g0563,,1
Dch1g00830,Gel1g00227,Dno1g0888,Dth1g0903,Pzi15g0564,Pgu11g0556,1
Dch1g00831,Gel1g00228,Dno1g0889,Dth1g0904,Pzi15g0566,,1
Dch1g00832,Gel1g00230,Dno1g0890,Dth1g0906,Pzi15g0568,,1
Dch1g00833,,Dno1g0891,Dth1g0907,,,1
Dch1g00834,,Dno1g0892,Dth1g0908,,Pgu11g0547,1
Dch1g00835,Gel1g00231,Dno1g0893,Dth1g0909,Pzi15g0553,Pgu11g0543,1
Dch1g00836,Gel1g00233,Dno1g0894,Dth1g0910,Pzi15g0551,Pgu11g0542,1
Dch1g00837,Gel1g00235,Dno1g0896,Dth1g0911,Pzi15g0550,Pgu11g0541,1
Dch1g00838,,Dno1g0897,Dth1g0912,Pzi15g0549,Pgu11g0540,1
Dch1g00839,,,,,,1
Dch1g00840,,,,,,1
Dch1g00841,,Dno1g0898,Dth1g0913,Pzi15g0548,Pgu11g0539,1
Dch1g00842,Gel1g00237,Dno1g0899,Dth1g0914,,,1
Dch1g00843,Gel1g00238,Dno1g0900,Dth1g0915,,,1
Dch1g00844,Gel1g00239,Dno1g0905,Dth1g0916,Pzi15g0547,Pgu11g0536,1
Dch1g00845,,,,,,1
Dch1g00846,Gel1g00240,Dno1g0906,Dth1g0917,Pzi15g0540,Pgu11g0530,1
Dch1g00847,Gel1g00242,Dno1g0914,Dth1g0921,Pzi15g0538,Pgu11g0527,1
Dch1g00848,Gel1g00245,Dno1g0916,Dth1g0923,,,1
Dch1g00849,Gel1g00246,Dno1g0917,Dth1g0924,Pzi15g0535,Pgu11g0525,1
Dch1g00850,Gel1g00247,Dno1g0918,Dth1g0925,Pzi15g0534,Pgu11g0524,1
Dch1g00851,Gel1g00248,Dno1g0919,Dth1g0927,,Pgu11g0522,1
Dch1g00852,,,,,,1
Dch1g00853,,,,,,1
Dch1g00854,Gel1g00270,Dno1g0926,Dth1g0934,Pzi15g0522,Pgu11g0509,1
Dch1g00855,,Dno1g0927,Dth1g0935,,,1
Dch1g00856,Gel1g00267,Dno1g0929,Dth1g0936,,,1
Dch1g00857,Gel1g00266,Dno1g0930,Dth1g0938,,,1
Dch1g00858,,Dno1g0931,Dth1g0939,,,1
Dch1g00859,,Dno1g0935,Dth1g0943,,,1
Dch1g00860,Gel1g00261,Dno1g0937,Dth1g0947,,,1
Dch1g00861,,,,,,1
Dch1g00862,Gel1g00263,Dno1g0941,,,,1
Dch1g00863,,Dno1g0942,,,,1
Dch1g00864,,Dno1g0944,,,,1
Dch1g00865,,,,,,1
Dch1g00866,,,,,,1
Dch1g00867,,Dno1g0943,,,,1
Dch1g00868,,Dno1g0942,,,,1
Dch1g00869,,Dno1g0944,,,,1
Dch1g00870,,,,,,1
Dch1g00871,,,,,,1
Dch1g00872,,Dno1g0941,,,,1
Dch1g00873,,Dno1g0945,,,,1
Dch1g00874,Gel1g00265,Dno1g0946,Dth1g0949,,,1
Dch1g00875,,,,,,1
Dch1g00876,Gel1g00257,Dno1g0950,Dth1g0951,,,1
Dch1g00877,,Dno1g0951,Dth1g0953,Pzi15g0647,Pgu11g0641,1
Dch1g00878,Gel1g00277,Dno1g0953,Dth1g0954,Pzi15g0646,,1
Dch1g00879,,,,,,1
Dch1g00880,,Dno1g0954,Dth1g0955,Pzi15g0644,,1
Dch1g00881,,Dno1g0955,Dth1g0956,,,1
Dch1g00882,Gel1g00278,Dno1g0956,Dth1g0957,,Pgu11g0631,1
Dch1g00883,,Dno1g0957,Dth1g0958,Pzi15g0641,,1
Dch1g00884,,Dno1g0958,Dth1g0971,,,1
Dch1g00885,Gel1g00281,Dno1g0965,Dth1g0990,,,1
Dch1g00886,Gel1g00282,Dno1g0966,Dth1g0991,,,1
Dch1g00887,Gel1g00285,Dno1g0968,Dth1g0996,,,1
Dch1g00888,Gel1g00287,Dno1g0970,Dth1g0997,Pzi15g0625,Pgu11g0617,1
Dch1g00889,,Dno1g0971,Dth1g0998,,,1
Dch1g00890,Gel1g00288,Dno1g0972,Dth1g1000,,,1
Dch1g00891,Gel1g00289,Dno1g0973,Dth1g1001,,,1
Dch1g00892,,Dno1g0974,Dth1g1002,,,1
Dch1g00893,Gel1g00297,Dno1g0975,Dth1g1004,,,1
Dch1g00894,,,,,,1
Dch1g00895,Gel1g00300,Dno1g0976,Dth1g1007,,,1
Dch1g00896,Gel1g00302,Dno1g0977,,,,1
Dch1g00897,,,,,,1
Dch1g00898,,,,,,1
Dch1g00899,,,,Pzi15g0614,Pgu11g0611,1
Dch1g00900,,,,,,1
Dch1g00901,,,,,,1
Dch1g00902,,,,,,1
Dch1g00903,,,,,,1
Dch1g00904,,Dno1g0979,Dth1g1008,,,1
Dch1g00905,,,Dth1g1009,,,1
Dch1g00906,,Dno1g0980,Dth1g1010,,,1
Dch1g00907,Gel1g00303,Dno1g0984,,,,1
Dch1g00908,,Dno1g0985,,,,1
Dch1g00909,Gel1g00306,Dno1g0986,Dth1g1012,,Pgu11g0610,1
Dch1g00910,,Dno1g0987,Dth1g1014,,,1
Dch1g00911,,Dno1g0988,,,,1
Dch1g00912,,,,,,1
Dch1g00913,Gel1g00317,Dno1g0989,,,,1
Dch1g00914,,,,,,1
Dch1g00915,Gel1g00307,Dno1g0990,Dth1g1015,,,1
Dch1g00916,,,,,,1
Dch1g00917,,,,,,1
Dch1g00918,Gel1g00314,Dno1g0993,,,,1
Dch1g00919,,Dno1g0994,Dth1g1017,Pzi15g0594,Pgu11g0586,1
Dch1g00920,,,,,,1
Dch1g00921,,,,,,1
Dch1g00922,Gel1g00311,Dno1g0995,Dth1g1020,,,1
Dch1g00923,,Dno1g0996,Dth1g1022,,,1
Dch1g00924,Gel1g00310,Dno1g0998,Dth1g1024,,Pgu11g0568,1
Dch1g00925,Gel1g00309,Dno1g1001,Dth1g1026,Pzi15g0588,Pgu11g0567,1
Dch1g00926,Gel1g00308,Dno1g1002,Dth1g1028,,,1
Dch1g00927,,Dno1g1004,Dth1g1029,,,1
Dch1g00928,Gel1g00320,Dno1g1005,Dth1g1030,,,1
Dch1g00929,,Dno1g1006,Dth1g1031,,,1
Dch1g00930,,Dno1g1007,Dth1g1032,,,1
Dch1g00931,,Dno1g1008,Dth1g1033,,,1
Dch1g00932,,,,,,1
Dch1g00933,,Dno1g1009,Dth1g1036,,,1
Dch1g00934,,Dno1g1010,Dth1g1037,,,1
Dch1g00935,,Dno1g1011,Dth1g1039,,,1
Dch1g00936,,Dno1g1013,Dth1g1041,,,1
Dch1g00937,,Dno1g1014,Dth1g1043,,,1
Dch1g00938,,Dno1g1015,Dth1g1044,,Pgu11g0639,1
Dch1g00939,,,,,,1
Dch1g00940,,,Dth1g1045,,,1
Dch1g00941,Gel1g00164,Dno1g1017,Dth1g1046,,,1
Dch1g00942,Gel1g00162,Dno1g1019,Dth1g1047,,,1
Dch1g00943,Gel1g00161,Dno1g1021,Dth1g1049,,,1
Dch1g00944,,Dno1g1022,Dth1g1050,,,1
Dch1g00945,,Dno1g1024,Dth1g1052,,,1
Dch1g00946,,,,,,1
Dch1g00947,,,,,,1
Dch1g00948,,,,,,1
Dch1g00949,,Dno1g1025,Dth1g1053,,,1
Dch1g00950,,,,,,1
Dch1g00951,Gel1g00159,Dno1g1026,,,,1
Dch1g00952,,,,,,1
Dch1g00953,,Dno1g1034,,,,1
Dch1g00954,Gel1g00144,Dno1g1036,Dth1g1055,,,1
Dch1g00955,Gel1g00147,Dno1g1037,Dth1g1056,,,1
Dch1g00956,Gel1g00148,Dno1g1039,Dth1g1057,,Pgu11g0655,1
Dch1g00957,Gel1g00149,Dno1g1040,Dth1g1058,,,1
Dch1g00958,Gel1g00152,Dno1g1041,Dth1g1060,,Pgu11g0656,1
Dch1g00959,,,,Pzi15g0650,,1
Dch1g00960,,,,,,1
Dch1g00961,,,,,,1
Dch1g00962,Gel1g00153,Dno1g1042,Dth1g1061,,,1
Dch1g00963,,,,,,1
Dch1g00964,,,,,,1
Dch1g00965,,Dno1g1043,,,,1
Dch1g00966,,Dno1g1044,,,,1
Dch1g00967,Gel1g00155,Dno1g1045,Dth1g1062,,,1
Dch1g00968,Gel1g00156,Dno1g1046,Dth1g1063,,,1
Dch1g00969,,,,,,1
Dch1g00970,,Dno1g1048,Dth1g1067,Pzi15g0655,,1
Dch1g00971,,Dno1g1049,Dth1g1068,Pzi15g0656,,1
Dch1g00972,,,,,,1
Dch1g00973,,Dno1g1052,Dth1g1074,Pzi15g0668,Pgu11g0659,1
Dch1g00974,,Dno1g1054,Dth1g1075,,,1
Dch1g00975,,Dno1g1055,Dth1g1077,,,1
Dch1g00976,Gel1g00165,Dno1g1056,Dth1g1080,,,1
Dch1g00977,Gel1g00166,Dno1g1057,Dth1g1081,Pzi15g0669,Pgu11g0662,1
